step,batch_idx,loss,is_finite,lr,elapsed_s
1,2,1.1522,True,0.0001,3.53
2,4,1.2848,True,0.0001,6.15
3,6,0.6947,True,0.0001,8.54
4,8,0.429,True,0.0001,11.14
5,10,0.4607,True,0.0001,13.67
6,12,0.316,True,0.0001,16.32
7,14,0.486,True,0.0001,19.15
8,16,0.2769,True,0.0001,21.73
9,18,0.3539,True,0.0001,24.4
10,20,0.1265,True,0.0001,27.05
11,22,0.2211,True,0.0001,29.45
12,24,0.3559,True,0.0001,32.17
13,26,1.0316,True,0.0001,34.81
14,28,0.2811,True,0.0001,37.27
15,30,0.4336,True,0.0001,39.91
16,32,0.4392,True,0.0001,42.72
17,34,0.5275,True,0.0001,45.56
18,36,0.4676,True,0.0001,48.28
19,38,0.3781,True,0.0001,51.09
20,40,0.3883,True,0.0001,54.19
21,42,0.2844,True,0.0001,56.71
22,44,0.1207,True,0.0001,59.34
23,46,0.4762,True,0.0001,62.45
24,48,0.5433,True,0.0001,65.54
25,50,0.3679,True,0.0001,68.26
