sample_id,reference,e1_prediction,e2_prediction,normalized_e1_prediction,normalized_e2_prediction,e1_wer,e2_wer,e1_cer,e2_cer,e1_sub,e1_del,e1_ins,e2_sub,e2_del,e2_ins,prediction_identical
vimd_test_vimd_01,Đầu năm cũng đã cùng với Bên khuyến nông khuyến lâm kết hợp Bên ủy ban đã chỉ đạo để bên khuyến nông khuyến lâm xuống tuyên truyền bà con nhân dân.,đấu năm này cũng đã cùng với bên khuyến nông khuyến nông và kết hợp bên ủy ban đã chỉ đạo để bên khuyến nông khuyến nông khuyến nông thường trường tuyên truyền bà con nhân dân.,đấu năm này cũng đã cùng với bên khuyến nông khuyến nông và kết hợp bên ủy ban đã chỉ đạo để bên khuyến nông khuyến nông khuyến nông thường trường tuyên truyền bà con nhân dân.,đấu năm này cũng đã cùng với bên khuyến nông khuyến nông và kết hợp bên ủy ban đã chỉ đạo để bên khuyến nông khuyến nông khuyến nông thường trường tuyên truyền bà con nhân dân,đấu năm này cũng đã cùng với bên khuyến nông khuyến nông và kết hợp bên ủy ban đã chỉ đạo để bên khuyến nông khuyến nông khuyến nông thường trường tuyên truyền bà con nhân dân,28.12,28.12,26.03,26.03,4,0,5,4,0,5,YES
vimd_test_vimd_02,"hỗ trợ Thứ nhất là về vỗ béo trâu bò, các năm trước thì nói chung là rất là tốt, tăng thêm thu nhập cho bà con.",hỗ trợ à thứ nhất là vì cái vụ béo trâu bỏ thì đến là cái năm trước thì nói chung là là tốt tăng thêm thứ nhất cho bà con.,hỗ trợ à thứ nhất là vì cái vụ béo trâu bỏ thì đến là cái năm trước thì nói chung là là tốt tăng thêm thứ nhất cho bà con.,hỗ trợ à thứ nhất là vì cái vụ béo trâu bỏ thì đến là cái năm trước thì nói chung là là tốt tăng thêm thứ nhất cho bà con,hỗ trợ à thứ nhất là vì cái vụ béo trâu bỏ thì đến là cái năm trước thì nói chung là là tốt tăng thêm thứ nhất cho bà con,44.44,44.44,25.93,25.93,6,1,5,6,1,5,YES
vimd_test_vimd_03,"Ngoài ra công ty cũng bố trí các chỗ ăn, chỗ ở tập thể, nhà ở cho công nhân ở xa có phòng ở rất là sạch sẽ, gọn gàng.",ngoài ra công ty cũng vũ trí cái chú chú ăn chú ở tập thể các nhà ở châu công nhân ở xa đó phông ở rất là sạch sẽ con gà.,ngoài ra công ty cũng vũ trí cái chú chú ăn chú ở tập thể các nhà ở châu công nhân ở xa đó phông ở rất là sạch sẽ con gà.,ngoài ra công ty cũng vũ trí cái chú chú ăn chú ở tập thể các nhà ở châu công nhân ở xa đó phông ở rất là sạch sẽ con gà,ngoài ra công ty cũng vũ trí cái chú chú ăn chú ở tập thể các nhà ở châu công nhân ở xa đó phông ở rất là sạch sẽ con gà,36.67,36.67,17.7,17.7,9,0,2,9,0,2,YES
vimd_test_vimd_04,Vì cái hành vi của bị cáo trong vụ án này nó rất là dã man Vì vậy là trợ giúp viên đã đề nghị cái khung hình phạt là cao nhất là tử hình đối với bị cáo,vì cái hành vi của bị cáo trong vụ án này nó rất là dã man vì vậy là chợ bộ viên đã đề nghị cái khung hình phạt là cao nhất là cái hình đối với bị cáo.,vì cái hành vi của bị cáo trong vụ án này nó rất là dã man vì vậy là chợ bộ viên đã đề nghị cái khung hình phạt là cao nhất là cái hình đối với bị cáo.,vì cái hành vi của bị cáo trong vụ án này nó rất là dã man vì vậy là chợ bộ viên đã đề nghị cái khung hình phạt là cao nhất là cái hình đối với bị cáo,vì cái hành vi của bị cáo trong vụ án này nó rất là dã man vì vậy là chợ bộ viên đã đề nghị cái khung hình phạt là cao nhất là cái hình đối với bị cáo,7.69,7.69,5.96,5.96,3,0,0,3,0,0,YES
vimd_test_vimd_05,đẻ con ra cũng muốn con tốt nhưng mà bây giờ đến giờ là pháp luật răn đe như thế này là sớm thì riêng bản thân chúng tôi là rất chi là cảm ơn.,đứa con ra cũng muốn tốt nhưng mà bây giờ đến trời là pháp luật san đi a như thiên là sớm thì riêng bán thân chúng tôi là rất là ca mừng.,đứa con ra cũng muốn tốt nhưng mà bây giờ đến trời là pháp luật san đi a như thiên là sớm thì riêng bán thân chúng tôi là rất là ca mừng.,đứa con ra cũng muốn tốt nhưng mà bây giờ đến trời là pháp luật san đi a như thiên là sớm thì riêng bán thân chúng tôi là rất là ca mừng,đứa con ra cũng muốn tốt nhưng mà bây giờ đến trời là pháp luật san đi a như thiên là sớm thì riêng bán thân chúng tôi là rất là ca mừng,34.29,34.29,19.86,19.86,8,3,1,8,3,1,YES
vimd_test_vimd_06,hoặc là các cái đối tượng sử dụng phương thức thủ đoạn là tặng quà kết bạn và giới thiệu là mình ở nước ngoài và tặng quà sau đó là yêu cầu các bị hại gửi tiền và đóng các khoản phí thì sau đó chúng chặn liên lạc và chiếm đoạt cái tiền đó,hoặc là các cái đối tượng sử dụng cái phương thức thủ đoạn là tặng quà ấy kết bạn và giới thiệu là mình ở nước ngoài và tặng quà sau đó là yêu cầu các bị hại gửi tiền đón các cái khoản phí thì sau đó chúng chặn liên lạc và chiếm đoạt cái tiền đó.,hoặc là các cái đối tượng sử dụng cái phương thức thủ đoạn là tặng quà ấy kết bạn và giới thiệu là mình ở nước ngoài và tặng quà sau đó là yêu cầu các bị hại gửi tiền đón các cái khoản phí thì sau đó chúng chặn liên lạc và chiếm đoạt cái tiền đó.,hoặc là các cái đối tượng sử dụng cái phương thức thủ đoạn là tặng quà ấy kết bạn và giới thiệu là mình ở nước ngoài và tặng quà sau đó là yêu cầu các bị hại gửi tiền đón các cái khoản phí thì sau đó chúng chặn liên lạc và chiếm đoạt cái tiền đó,hoặc là các cái đối tượng sử dụng cái phương thức thủ đoạn là tặng quà ấy kết bạn và giới thiệu là mình ở nước ngoài và tặng quà sau đó là yêu cầu các bị hại gửi tiền đón các cái khoản phí thì sau đó chúng chặn liên lạc và chiếm đoạt cái tiền đó,8.93,8.93,6.3,6.3,3,0,2,3,0,2,YES
vimd_test_vimd_07,Ở cái tình hình dịch bệnh hiện tại đang phức tạp thì ít nhiều gì có vắc xin trong người thì cũng giảm thiểu cái khả năng nguy hiểm của chính bản thân mình.,ở cái tình hình dịch bệnh hiện tại đang phức tạp thì ít nhiều gì có vắc xin trong người thì cũng giảm thiểu các khả năng nguy hiểm của chính bản thân mình.,ở cái tình hình dịch bệnh hiện tại đang phức tạp thì ít nhiều gì có vắc xin trong người thì cũng giảm thiểu các khả năng nguy hiểm của chính bản thân mình.,ở cái tình hình dịch bệnh hiện tại đang phức tạp thì ít nhiều gì có vắc xin trong người thì cũng giảm thiểu các khả năng nguy hiểm của chính bản thân mình,ở cái tình hình dịch bệnh hiện tại đang phức tạp thì ít nhiều gì có vắc xin trong người thì cũng giảm thiểu các khả năng nguy hiểm của chính bản thân mình,2.94,2.94,0.65,0.65,1,0,0,1,0,0,YES
vimd_test_vimd_08,Ban đầu cũng hơi có lo lắng nhưng mà sau một thời gian thì tinh thần thì vẫn cố gắng để phục vụ cho bà con sức khỏe của bà con nhân dân ở địa bàn thành phố.,lần đầu cũng hơi có lo lắng nhưng mà xong thời gian thì tinh thần thì vẫn cố gắng để phục vụ cho các con sức khỏe và con nhân dân ở địa bàn thành phố unk.,lần đầu cũng hơi có lo lắng nhưng mà xong thời gian thì tinh thần thì vẫn cố gắng để phục vụ cho các con sức khỏe và con nhân dân ở địa bàn thành phố unk.,lần đầu cũng hơi có lo lắng nhưng mà xong thời gian thì tinh thần thì vẫn cố gắng để phục vụ cho các con sức khỏe và con nhân dân ở địa bàn thành phố unk,lần đầu cũng hơi có lo lắng nhưng mà xong thời gian thì tinh thần thì vẫn cố gắng để phục vụ cho các con sức khỏe và con nhân dân ở địa bàn thành phố unk,18.42,18.42,13.55,13.55,4,2,1,4,2,1,YES
vimd_test_vimd_09,"Trong công việc của mình ở đây thì thường chủ yếu là sẽ tiếp nhận các cuộc gọi cấp cứu của người dân tới và sau đó xử trí, sau đó điều xe đi để hỗ trợ người dân nhanh nhất có thể. Vì cộng đồng, vì công cuộc chung thì những điều này thì cũng không phải là vấn đề lớn lắm.",à chung công việc của mình ở đây thường chuối là sẽ tiếp nhận các cuộc gọi cấp cứu của người dân tới và sau đó sự chí sau đó đều xe đi để hỗ trợ người dân nhanh nhất có thể vì cộng đồng vì công cuộc chung thì những điều này thì cũng không phải là vấn đề lớn lắm.,à chung công việc của mình ở đây thường chuối là sẽ tiếp nhận các cuộc gọi cấp cứu của người dân tới và sau đó sự chí sau đó đều xe đi để hỗ trợ người dân nhanh nhất có thể vì cộng đồng vì công cuộc chung thì những điều này thì cũng không phải là vấn đề lớn lắm.,à chung công việc của mình ở đây thường chuối là sẽ tiếp nhận các cuộc gọi cấp cứu của người dân tới và sau đó sự chí sau đó đều xe đi để hỗ trợ người dân nhanh nhất có thể vì cộng đồng vì công cuộc chung thì những điều này thì cũng không phải là vấn đề lớn lắm,à chung công việc của mình ở đây thường chuối là sẽ tiếp nhận các cuộc gọi cấp cứu của người dân tới và sau đó sự chí sau đó đều xe đi để hỗ trợ người dân nhanh nhất có thể vì cộng đồng vì công cuộc chung thì những điều này thì cũng không phải là vấn đề lớn lắm,12.7,12.7,7.14,7.14,5,2,1,5,2,1,YES
