sample_id,augmentation,representation,parameter_summary,duration_before,duration_after,sample_rate,output_path,reconstructed_or_rerun
sample_000,amplitude_perturbation,waveform-space,gain=-1.506dB,9.239,9.239,44100,amplitude.wav,RECONSTRUCTION
sample_000,freq_mask,feature-space,"F=15,n=2",9.239,9.239,44100,frequency_mask_spectrogram.png,RECONSTRUCTION
sample_000,noise_injection,waveform-space,snr=20.0dB,9.239,9.239,44100,noise.wav,RECONSTRUCTION
sample_000,original,waveform,none,9.239,9.239,44100,original.wav,N/A
sample_000,time_mask,feature-space,"T=20,n=2",9.239,9.239,44100,time_mask_spectrogram.png,RECONSTRUCTION
sample_000,time_shift,waveform-space,shift=64.85ms,9.239,9.239,44100,time_shift.wav,RECONSTRUCTION
sample_001,amplitude_perturbation,waveform-space,gain=-1.506dB,7.358,7.358,44100,amplitude.wav,RECONSTRUCTION
sample_001,freq_mask,feature-space,"F=15,n=2",7.358,7.358,44100,frequency_mask_spectrogram.png,RECONSTRUCTION
sample_001,noise_injection,waveform-space,snr=20.0dB,7.358,7.358,44100,noise.wav,RECONSTRUCTION
sample_001,original,waveform,none,7.358,7.358,44100,original.wav,N/A
sample_001,time_mask,feature-space,"T=20,n=2",7.358,7.358,44100,time_mask_spectrogram.png,RECONSTRUCTION
sample_001,time_shift,waveform-space,shift=64.85ms,7.358,7.358,44100,time_shift.wav,RECONSTRUCTION
sample_002,amplitude_perturbation,waveform-space,gain=-1.506dB,3.651,3.651,44100,amplitude.wav,RECONSTRUCTION
sample_002,freq_mask,feature-space,"F=15,n=2",3.651,3.651,44100,frequency_mask_spectrogram.png,RECONSTRUCTION
sample_002,noise_injection,waveform-space,snr=20.0dB,3.651,3.651,44100,noise.wav,RECONSTRUCTION
sample_002,original,waveform,none,3.651,3.651,44100,original.wav,N/A
sample_002,time_mask,feature-space,"T=20,n=2",3.651,3.651,44100,time_mask_spectrogram.png,RECONSTRUCTION
sample_002,time_shift,waveform-space,shift=64.85ms,3.651,3.651,44100,time_shift.wav,RECONSTRUCTION
