dataset,source_split,sample_id,speaker_id,audio_path_or_source_ref,duration_sec,sample_rate,channels,transcript,normalized_transcript,audio_sha256,provenance_revision
vivos,train,vivos_train_vivos_001,VIVOSSPK04,D:\Vietnamese_ASR_Week6\vivos_train_15\audio\vivos_001.wav,3.0,16000,1,NẰM Ở ĐAM MÊ HỌC CÁC THỨ NGÔN NGỮ,nằm ở đam mê học các thứ ngôn ngữ,994cc81222cfbabe3f437b0c21baf45a7e976b292e9bcc9a602fb1eec902b8dd,b2fbc10431b721dc9b0409b716d56a759d1cf332
vivos,train,vivos_train_vivos_002,VIVOSSPK05,D:\Vietnamese_ASR_Week6\vivos_train_15\audio\vivos_002.wav,3.0,16000,1,KHI CHỨNG KIẾN NGƯỜI VỢ LĂNG LOÀN,khi chứng kiến người vợ lăng loàn,ef2dc9b15e0795ce50e62f4e84cb3ca069d4e48b2caeaf113e27713172e3851b,b2fbc10431b721dc9b0409b716d56a759d1cf332
vivos,train,vivos_train_vivos_003,VIVOSSPK10,D:\Vietnamese_ASR_Week6\vivos_train_15\audio\vivos_003.wav,3.0,16000,1,TỪ KHI HỌ CÒN LÀ TRẺ CON,từ khi họ còn là trẻ con,df7a6b5a0ed6bfe61137c85af5430e67a70341096bbabecd1d34708bd214023e,b2fbc10431b721dc9b0409b716d56a759d1cf332
vivos,train,vivos_train_vivos_004,VIVOSSPK11,D:\Vietnamese_ASR_Week6\vivos_train_15\audio\vivos_004.wav,3.0,16000,1,HAY BỊ THẤT BẠI THẢM HẠI,hay bị thất bại thảm hại,dc3e27e61fb7b4d6798b1c3fe92804f1af33e11de9456399102e7b08cedf51fe,b2fbc10431b721dc9b0409b716d56a759d1cf332
vivos,train,vivos_train_vivos_005,VIVOSSPK12,D:\Vietnamese_ASR_Week6\vivos_train_15\audio\vivos_005.wav,3.0,16000,1,TÔI CÓ NHỮNG DỰ ĐỊNH VÀ TÔI THỰC HIỆN,tôi có những dự định và tôi thực hiện,5e905ddec2e364781ade75b574c0c49023d18a0bb046a39118cd99e7b1389518,b2fbc10431b721dc9b0409b716d56a759d1cf332
vivos,train,vivos_train_vivos_006,VIVOSSPK13,D:\Vietnamese_ASR_Week6\vivos_train_15\audio\vivos_006.wav,3.0,16000,1,LÝ THUYẾT ĐẸP ĐẼ LÀ NHƯ THẾ,lý thuyết đẹp đẽ là như thế,0ce8681a5a76982bc311f753c1229ca19639c598eb85250af9414d38a3b34245,b2fbc10431b721dc9b0409b716d56a759d1cf332
vivos,train,vivos_train_vivos_007,VIVOSSPK19,D:\Vietnamese_ASR_Week6\vivos_train_15\audio\vivos_007.wav,3.0,16000,1,ĐÃ NHANH CHÓNG CÁCH LY LOÀI ĐỘNG VẬT NÀY,đã nhanh chóng cách ly loài động vật này,70e74b77d3dca9a33c14564eb3abfdeb93dd5694b90e936f01afae634bec53bb,b2fbc10431b721dc9b0409b716d56a759d1cf332
vivos,train,vivos_train_vivos_008,VIVOSSPK22,D:\Vietnamese_ASR_Week6\vivos_train_15\audio\vivos_008.wav,3.0,16000,1,ĐỊU GIẤC MƠ ĐỔI ĐỜI HƯỚNG VỀ,địu giấc mơ đổi đời hướng về,f2d315161318c36957d7f4b151a6f994df9550288cc3348655e5ce35a74b913a,b2fbc10431b721dc9b0409b716d56a759d1cf332
vivos,train,vivos_train_vivos_009,VIVOSSPK24,D:\Vietnamese_ASR_Week6\vivos_train_15\audio\vivos_009.wav,4.25,16000,1,HÌNH ẢNH MẤY CÂY KEM MÁT RƯỢI HIỆN LÊN TRONG ĐẦU KHIẾN TÔI GẬT ĐẦU,hình ảnh mấy cây kem mát rượi hiện lên trong đầu khiến tôi gật đầu,84ceb5398bdd5d42db49bd7c209ccb863ed640a8acb890a9fb8180349874b868,b2fbc10431b721dc9b0409b716d56a759d1cf332
vivos,train,vivos_train_vivos_010,VIVOSSPK28,D:\Vietnamese_ASR_Week6\vivos_train_15\audio\vivos_010.wav,3.1875,16000,1,ĐIỀU NÀY ẢNH HƯỞNG NHIỀU ĐẾN QUÁ TRÌNH HỌC TẬP VÀ LÀM VIỆC SAU NÀY,điều này ảnh hưởng nhiều đến quá trình học tập và làm việc sau này,e3384f8a118f3839e8c1895d3e8cde52aadd1ae3bf1fe89142914c8b2e9e9c78,b2fbc10431b721dc9b0409b716d56a759d1cf332
vimd,train,vimd_train_01,spk_11_0009,D:\Vietnamese_ASR_Week6\vietnamese_asr_app\data\vimd_train_clean\audio\vimd_train_01.wav,6.44,16000,1,Mình có rất là nhiều lý do để tổ chức cái chương trình này ở tại cái điểm trường này. Bởi vì là nhìn các cháu,mình có rất là nhiều lý do để tổ chức cái chương trình này ở tại cái điểm trường này bởi vì là nhìn các cháu,0e678b7a15d5a48d6ab6896be1bdb59ee1003bd54afd2a1e0455de31040a9cf5,3a5b30157034e7eadd5c75fae1a820c6f9383398
vimd,train,vimd_train_02,spk_11_0010,D:\Vietnamese_ASR_Week6\vietnamese_asr_app\data\vimd_train_clean\audio\vimd_train_02.wav,11.8839,16000,1,"Khi có sân trường mới, con cảm thấy rất vui. Có sân trường mới, con có thể vui chơi cùng các bạn mà không sợ bẩn nữa.",khi có sân trường mới con cảm thấy rất vui có sân trường mới con có thể vui chơi cùng các bạn mà không sợ bẩn nữa,ab09be38a44e57c05aabfb332ee2bc2409cf9b0f6e31c8d21e42344f6d02a92b,3a5b30157034e7eadd5c75fae1a820c6f9383398
vimd,train,vimd_train_03,spk_11_0011,D:\Vietnamese_ASR_Week6\vietnamese_asr_app\data\vimd_train_clean\audio\vimd_train_03.wav,14.88,16000,1,thì trước đây thì là những hôm trời mưa thì là gầm sân chơi thì mưa nước vào thì cái sân chơi thì toàn đất bùn thì các cháu đi vào cũng rất là khó cho cái hoạt động ngoài trời và từ khi nhận được cái sân chơi này,thì trước đây thì là những hôm trời mưa thì là gầm sân chơi thì mưa nước vào thì cái sân chơi thì toàn đất bùn thì các cháu đi vào cũng rất là khó cho cái hoạt động ngoài trời và từ khi nhận được cái sân chơi này,6099ecc5b541cd5b952d5f7dfaf83f093c5456c54cba07337f12a8f38ad24471,3a5b30157034e7eadd5c75fae1a820c6f9383398
vimd,train,vimd_train_04,spk_11_0018,D:\Vietnamese_ASR_Week6\vietnamese_asr_app\data\vimd_train_clean\audio\vimd_train_04.wav,8.0107,16000,1,Mình mong muốn nuôi cá sạch để cung cấp ra thị trường cho người tiêu dùng.,mình mong muốn nuôi cá sạch để cung cấp ra thị trường cho người tiêu dùng,6afa8af8f922fad0f0181673a9f37ce43c254f8d692078452f4e27724ef7ba5f,3a5b30157034e7eadd5c75fae1a820c6f9383398
vimd,train,vimd_train_05,spk_11_0019,D:\Vietnamese_ASR_Week6\vietnamese_asr_app\data\vimd_train_clean\audio\vimd_train_05.wav,7.3418,16000,1,Em muốn góp sức trẻ của mình để phát triển kinh tế địa phương.,em muốn góp sức trẻ của mình để phát triển kinh tế địa phương,ed05295d5dcd756d33e8aa2a3bbe8587bd3b86c44a461c977860af549a0d1eec,3a5b30157034e7eadd5c75fae1a820c6f9383398
vimd,train,vimd_train_06,spk_11_0020,D:\Vietnamese_ASR_Week6\vietnamese_asr_app\data\vimd_train_clean\audio\vimd_train_06.wav,10.56,16000,1,"Như mình thì đơn giản thôi, mình chỉ muốn là cung cấp thức ăn là bữa ăn cho gia đình của mình thôi. Và muốn kiếm một tí kinh tế để phục vụ cho gia đình.",như mình thì đơn giản thôi mình chỉ muốn là cung cấp thức ăn là bữa ăn cho gia đình của mình thôi và muốn kiếm một tí kinh tế để phục vụ cho gia đình,380d91ac94648e2730f4169af053fadc2d619d1be0f538690df6bcb217107492,3a5b30157034e7eadd5c75fae1a820c6f9383398
vimd,train,vimd_train_07,spk_11_0031,D:\Vietnamese_ASR_Week6\vietnamese_asr_app\data\vimd_train_clean\audio\vimd_train_07.wav,8.1547,16000,1,"và tập trung vào các nội dung như hỗ trợ trước, trong và sau kỳ thi tốt nghiệp Trung học Phổ thông năm hai nghìn không trăm hai ba.",và tập trung vào các nội dung như hỗ trợ trước trong và sau kỳ thi tốt nghiệp trung học phổ thông năm hai nghìn không trăm hai ba,41ab3b174e15a0cc5b184e55103c2193678e0d77b2de5bf07f1b5fbf75494b94,3a5b30157034e7eadd5c75fae1a820c6f9383398
vimd,train,vimd_train_08,spk_11_0035,D:\Vietnamese_ASR_Week6\vietnamese_asr_app\data\vimd_train_clean\audio\vimd_train_08.wav,9.9081,16000,1,"Mọi người như cháu Dũng này thì thì sẽ tuyên truyền nhân rộng để cho xóm, để mọi người làm theo cháu Dũng.",mọi người như cháu dũng này thì thì sẽ tuyên truyền nhân rộng để cho xóm để mọi người làm theo cháu dũng,4bbda98f8725961df9a121c1d7410d9062040950e2ce13fea08811d25c949d29,3a5b30157034e7eadd5c75fae1a820c6f9383398
vimd,train,vimd_train_09,spk_11_0040,D:\Vietnamese_ASR_Week6\vietnamese_asr_app\data\vimd_train_clean\audio\vimd_train_09.wav,14.2863,16000,1,"Cô phải lấy lại tinh thần để có thể giúp bọn em để có thể đi qua đấu trường, có thể tham gia được đấu trường quốc tế. Nếu bọn em thấy cô còn mệt mỏi hơn mình gấp nhiều lần thì tại sao bọn em lại có thể bỏ cuộc được. Bọn em phải cố gắng lên.",cô phải lấy lại tinh thần để có thể giúp bọn em để có thể đi qua đấu trường có thể tham gia được đấu trường quốc tế nếu bọn em thấy cô còn mệt mỏi hơn mình gấp nhiều lần thì tại sao bọn em lại có thể bỏ cuộc được bọn em phải cố gắng lên,33442602b5e8466263b6cb0d467f72b99ea48ecbca88af3dbce69bf0dca60ae0,3a5b30157034e7eadd5c75fae1a820c6f9383398
vimd,train,vimd_train_10,spk_11_0042,D:\Vietnamese_ASR_Week6\vietnamese_asr_app\data\vimd_train_clean\audio\vimd_train_10.wav,8.177,16000,1,Nói chung là những cái gì mà hỗ trợ được các doanh nghiệp là các cơ quan ban ngành của tỉnh hỗ trợ rất là nhiệt tình và tốt.,nói chung là những cái gì mà hỗ trợ được các doanh nghiệp là các cơ quan ban ngành của tỉnh hỗ trợ rất là nhiệt tình và tốt,04782bdcc4f5918ced1303c34d3c93cf8d9191846637b0ebd467309b034b238f,3a5b30157034e7eadd5c75fae1a820c6f9383398
vimd,train,vimd_train_11,spk_11_0044,D:\Vietnamese_ASR_Week6\vietnamese_asr_app\data\vimd_train_clean\audio\vimd_train_11.wav,13.425,16000,1,Vì chúng ta phải có từ vựng thì chúng ta mới có thể nói được và có từ vựng thì mới có thể thực hiện được các kỹ năng khác. Cho nên là đối với em thì em sẽ học từ vựng bằng những cái flashcard hay là trên những cái ứng dụng. Từ đó giúp em nhớ lâu hơn và có thể vận dụng được trong các kỹ năng khác.,vì chúng ta phải có từ vựng thì chúng ta mới có thể nói được và có từ vựng thì mới có thể thực hiện được các kỹ năng khác cho nên là đối với em thì em sẽ học từ vựng bằng những cái flashcard hay là trên những cái ứng dụng từ đó giúp em nhớ lâu hơn và có thể vận dụng được trong các kỹ năng khác,596d5afbb7eb37aaa7b96f7b6ba46b492070a9242a466d8e5d87409f62e7e710,3a5b30157034e7eadd5c75fae1a820c6f9383398
vimd,train,vimd_train_12,spk_11_0048,D:\Vietnamese_ASR_Week6\vietnamese_asr_app\data\vimd_train_clean\audio\vimd_train_12.wav,11.0771,16000,1,"Trong nhà bán trú có giường tầng, có những cái đẹp. Con rất vui khi trong nhà bán trú của mình có những thứ đó.",trong nhà bán trú có giường tầng có những cái đẹp con rất vui khi trong nhà bán trú của mình có những thứ đó,2d7de473bf81b877638d4056d047dfb2ec466deb75a012c7a63b560126cb1041,3a5b30157034e7eadd5c75fae1a820c6f9383398
