sample_id,audio_path,speaker_id,duration_sec,transcript,dataset
vivos_vivos_001,D:\Vietnamese_ASR_Week6\vivos_train_15\audio\vivos_001.wav,VIVOSSPK04,3.0,NẰM Ở ĐAM MÊ HỌC CÁC THỨ NGÔN NGỮ,vivos
vivos_vivos_002,D:\Vietnamese_ASR_Week6\vivos_train_15\audio\vivos_002.wav,VIVOSSPK05,3.0,KHI CHỨNG KIẾN NGƯỜI VỢ LĂNG LOÀN,vivos
vivos_vivos_003,D:\Vietnamese_ASR_Week6\vivos_train_15\audio\vivos_003.wav,VIVOSSPK10,3.0,TỪ KHI HỌ CÒN LÀ TRẺ CON,vivos
vivos_vivos_004,D:\Vietnamese_ASR_Week6\vivos_train_15\audio\vivos_004.wav,VIVOSSPK11,3.0,HAY BỊ THẤT BẠI THẢM HẠI,vivos
vivos_vivos_005,D:\Vietnamese_ASR_Week6\vivos_train_15\audio\vivos_005.wav,VIVOSSPK12,3.0,TÔI CÓ NHỮNG DỰ ĐỊNH VÀ TÔI THỰC HIỆN,vivos
vivos_vivos_006,D:\Vietnamese_ASR_Week6\vivos_train_15\audio\vivos_006.wav,VIVOSSPK13,3.0,LÝ THUYẾT ĐẸP ĐẼ LÀ NHƯ THẾ,vivos
vivos_vivos_007,D:\Vietnamese_ASR_Week6\vivos_train_15\audio\vivos_007.wav,VIVOSSPK19,3.0,ĐÃ NHANH CHÓNG CÁCH LY LOÀI ĐỘNG VẬT NÀY,vivos
vivos_vivos_008,D:\Vietnamese_ASR_Week6\vivos_train_15\audio\vivos_008.wav,VIVOSSPK22,3.0,ĐỊU GIẤC MƠ ĐỔI ĐỜI HƯỚNG VỀ,vivos
vivos_vivos_009,D:\Vietnamese_ASR_Week6\vivos_train_15\audio\vivos_009.wav,VIVOSSPK24,4.25,HÌNH ẢNH MẤY CÂY KEM MÁT RƯỢI HIỆN LÊN TRONG ĐẦU KHIẾN TÔI GẬT ĐẦU,vivos
vivos_vivos_010,D:\Vietnamese_ASR_Week6\vivos_train_15\audio\vivos_010.wav,VIVOSSPK28,3.188,ĐIỀU NÀY ẢNH HƯỞNG NHIỀU ĐẾN QUÁ TRÌNH HỌC TẬP VÀ LÀM VIỆC SAU NÀY,vivos
vimd_vimd_01,D:\Vietnamese_ASR_Week6\vimd_demo_9\audio\vimd_01.wav,spk_11_0142,9.239,Đầu năm cũng đã cùng với Bên khuyến nông khuyến lâm kết hợp Bên ủy ban đã chỉ đạo để bên khuyến nông khuyến lâm xuống tuyên truyền bà con nhân dân.,vimd
vimd_vimd_02,D:\Vietnamese_ASR_Week6\vimd_demo_9\audio\vimd_02.wav,spk_11_0143,7.358,"hỗ trợ Thứ nhất là về vỗ béo trâu bò, các năm trước thì nói chung là rất là tốt, tăng thêm thu nhập cho bà con.",vimd
vimd_vimd_03,D:\Vietnamese_ASR_Week6\vimd_demo_9\audio\vimd_03.wav,spk_11_0144,12.669,"Ngoài ra công ty cũng bố trí các chỗ ăn, chỗ ở tập thể, nhà ở cho công nhân ở xa có phòng ở rất là sạch sẽ, gọn gàng.",vimd
vimd_vimd_04,D:\Vietnamese_ASR_Week6\vimd_demo_9\audio\vimd_04.wav,spk_36_0147,8.501,Vì cái hành vi của bị cáo trong vụ án này nó rất là dã man Vì vậy là trợ giúp viên đã đề nghị cái khung hình phạt là cao nhất là tử hình đối với bị cáo,vimd
vimd_vimd_05,D:\Vietnamese_ASR_Week6\vimd_demo_9\audio\vimd_05.wav,spk_36_0171,8.2,đẻ con ra cũng muốn con tốt nhưng mà bây giờ đến giờ là pháp luật răn đe như thế này là sớm thì riêng bản thân chúng tôi là rất chi là cảm ơn.,vimd
vimd_vimd_06,D:\Vietnamese_ASR_Week6\vimd_demo_9\audio\vimd_06.wav,spk_36_0173,12.813,hoặc là các cái đối tượng sử dụng phương thức thủ đoạn là tặng quà kết bạn và giới thiệu là mình ở nước ngoài và tặng quà sau đó là yêu cầu các bị hại gửi tiền và đóng các khoản phí thì sau đó chúng chặn liên lạc và chiếm đoạt cái tiền đó,vimd
