sample_id,audio_path,speaker_id,duration_sec,transcript,dataset,source_split
vivos_train_vivos_001,D:\Vietnamese_ASR_Week6\vivos_train_15\audio\vivos_001.wav,VIVOSSPK04,3.0,NẰM Ở ĐAM MÊ HỌC CÁC THỨ NGÔN NGỮ,vivos,train
vivos_train_vivos_002,D:\Vietnamese_ASR_Week6\vivos_train_15\audio\vivos_002.wav,VIVOSSPK05,3.0,KHI CHỨNG KIẾN NGƯỜI VỢ LĂNG LOÀN,vivos,train
vivos_train_vivos_003,D:\Vietnamese_ASR_Week6\vivos_train_15\audio\vivos_003.wav,VIVOSSPK10,3.0,TỪ KHI HỌ CÒN LÀ TRẺ CON,vivos,train
vivos_train_vivos_004,D:\Vietnamese_ASR_Week6\vivos_train_15\audio\vivos_004.wav,VIVOSSPK11,3.0,HAY BỊ THẤT BẠI THẢM HẠI,vivos,train
vivos_train_vivos_005,D:\Vietnamese_ASR_Week6\vivos_train_15\audio\vivos_005.wav,VIVOSSPK12,3.0,TÔI CÓ NHỮNG DỰ ĐỊNH VÀ TÔI THỰC HIỆN,vivos,train
vivos_train_vivos_006,D:\Vietnamese_ASR_Week6\vivos_train_15\audio\vivos_006.wav,VIVOSSPK13,3.0,LÝ THUYẾT ĐẸP ĐẼ LÀ NHƯ THẾ,vivos,train
vivos_train_vivos_007,D:\Vietnamese_ASR_Week6\vivos_train_15\audio\vivos_007.wav,VIVOSSPK19,3.0,ĐÃ NHANH CHÓNG CÁCH LY LOÀI ĐỘNG VẬT NÀY,vivos,train
vivos_train_vivos_008,D:\Vietnamese_ASR_Week6\vivos_train_15\audio\vivos_008.wav,VIVOSSPK22,3.0,ĐỊU GIẤC MƠ ĐỔI ĐỜI HƯỚNG VỀ,vivos,train
vivos_train_vivos_009,D:\Vietnamese_ASR_Week6\vivos_train_15\audio\vivos_009.wav,VIVOSSPK24,4.25,HÌNH ẢNH MẤY CÂY KEM MÁT RƯỢI HIỆN LÊN TRONG ĐẦU KHIẾN TÔI GẬT ĐẦU,vivos,train
vivos_train_vivos_010,D:\Vietnamese_ASR_Week6\vivos_train_15\audio\vivos_010.wav,VIVOSSPK28,3.188,ĐIỀU NÀY ẢNH HƯỞNG NHIỀU ĐẾN QUÁ TRÌNH HỌC TẬP VÀ LÀM VIỆC SAU NÀY,vivos,train
vimd_train_01,D:\Vietnamese_ASR_Week6\vietnamese_asr_app\data\vimd_train_clean\audio\vimd_train_01.wav,spk_11_0009,6.44,Mình có rất là nhiều lý do để tổ chức cái chương trình này ở tại cái điểm trường này. Bởi vì là nhìn các cháu,nguyendv02/ViMD_Dataset,train
vimd_train_02,D:\Vietnamese_ASR_Week6\vietnamese_asr_app\data\vimd_train_clean\audio\vimd_train_02.wav,spk_11_0010,11.884,"Khi có sân trường mới, con cảm thấy rất vui. Có sân trường mới, con có thể vui chơi cùng các bạn mà không sợ bẩn nữa.",nguyendv02/ViMD_Dataset,train
vimd_train_03,D:\Vietnamese_ASR_Week6\vietnamese_asr_app\data\vimd_train_clean\audio\vimd_train_03.wav,spk_11_0011,14.88,thì trước đây thì là những hôm trời mưa thì là gầm sân chơi thì mưa nước vào thì cái sân chơi thì toàn đất bùn thì các cháu đi vào cũng rất là khó cho cái hoạt động ngoài trời và từ khi nhận được cái sân chơi này,nguyendv02/ViMD_Dataset,train
vimd_train_04,D:\Vietnamese_ASR_Week6\vietnamese_asr_app\data\vimd_train_clean\audio\vimd_train_04.wav,spk_11_0018,8.011,Mình mong muốn nuôi cá sạch để cung cấp ra thị trường cho người tiêu dùng.,nguyendv02/ViMD_Dataset,train
vimd_train_05,D:\Vietnamese_ASR_Week6\vietnamese_asr_app\data\vimd_train_clean\audio\vimd_train_05.wav,spk_11_0019,7.342,Em muốn góp sức trẻ của mình để phát triển kinh tế địa phương.,nguyendv02/ViMD_Dataset,train
vimd_train_06,D:\Vietnamese_ASR_Week6\vietnamese_asr_app\data\vimd_train_clean\audio\vimd_train_06.wav,spk_11_0020,10.56,"Như mình thì đơn giản thôi, mình chỉ muốn là cung cấp thức ăn là bữa ăn cho gia đình của mình thôi. Và muốn kiếm một tí kinh tế để phục vụ cho gia đình.",nguyendv02/ViMD_Dataset,train
vimd_train_07,D:\Vietnamese_ASR_Week6\vietnamese_asr_app\data\vimd_train_clean\audio\vimd_train_07.wav,spk_11_0031,8.155,"và tập trung vào các nội dung như hỗ trợ trước, trong và sau kỳ thi tốt nghiệp Trung học Phổ thông năm hai nghìn không trăm hai ba.",nguyendv02/ViMD_Dataset,train
vimd_train_08,D:\Vietnamese_ASR_Week6\vietnamese_asr_app\data\vimd_train_clean\audio\vimd_train_08.wav,spk_11_0035,9.908,"Mọi người như cháu Dũng này thì thì sẽ tuyên truyền nhân rộng để cho xóm, để mọi người làm theo cháu Dũng.",nguyendv02/ViMD_Dataset,train
vimd_train_09,D:\Vietnamese_ASR_Week6\vietnamese_asr_app\data\vimd_train_clean\audio\vimd_train_09.wav,spk_11_0040,14.286,"Cô phải lấy lại tinh thần để có thể giúp bọn em để có thể đi qua đấu trường, có thể tham gia được đấu trường quốc tế. Nếu bọn em thấy cô còn mệt mỏi hơn mình gấp nhiều lần thì tại sao bọn em lại có thể bỏ cuộc được. Bọn em phải cố gắng lên.",nguyendv02/ViMD_Dataset,train
vimd_train_10,D:\Vietnamese_ASR_Week6\vietnamese_asr_app\data\vimd_train_clean\audio\vimd_train_10.wav,spk_11_0042,8.177,Nói chung là những cái gì mà hỗ trợ được các doanh nghiệp là các cơ quan ban ngành của tỉnh hỗ trợ rất là nhiệt tình và tốt.,nguyendv02/ViMD_Dataset,train
vimd_train_11,D:\Vietnamese_ASR_Week6\vietnamese_asr_app\data\vimd_train_clean\audio\vimd_train_11.wav,spk_11_0044,13.425,Vì chúng ta phải có từ vựng thì chúng ta mới có thể nói được và có từ vựng thì mới có thể thực hiện được các kỹ năng khác. Cho nên là đối với em thì em sẽ học từ vựng bằng những cái flashcard hay là trên những cái ứng dụng. Từ đó giúp em nhớ lâu hơn và có thể vận dụng được trong các kỹ năng khác.,nguyendv02/ViMD_Dataset,train
vimd_train_12,D:\Vietnamese_ASR_Week6\vietnamese_asr_app\data\vimd_train_clean\audio\vimd_train_12.wav,spk_11_0048,11.077,"Trong nhà bán trú có giường tầng, có những cái đẹp. Con rất vui khi trong nhà bán trú của mình có những thứ đó.",nguyendv02/ViMD_Dataset,train
